C_ID,C_Name,address,phone,mail,individual,signup_date,gender
,Jason Mendoza,"8489 Kevin Stream Apt. 328
Sylviaville, CO 47689",03-9819582,victoriaperez@example.com,0,2022-01-04 08:53,1
,Nicholas Baker,"0362 Yvonne Walks Suite 659
New Johnside, CA 66211",076 82797990,donald21@example.net,1,2022-01-04 08:53,1
,Mrs. Christina Hendricks,"762 Adrian View Suite 919
Lake Pamelamouth, RI 90986",(05) 31603264,stephenmedina@example.com,0,2022-01-04 08:53,1
,David Maldonado,"94688 Jensen Ferry
Pamelaland, TN 85455",(01) 15080264,michaeldavis@example.com,1,2022-01-04 08:53,1
,Travis Mcmillan,"647 Hunter Brook Suite 095
Port Kimberlyhaven, NC 08788",978333268,chandlerangela@example.net,0,2022-01-04 08:53,1
,Darlene Murray,"82058 Smith Manors Suite 201
West Olivia, AZ 95797",962079543,susan35@example.com,1,2022-01-04 08:53,0
,Paige Wilson,"91003 Aaron Mountains Apt. 323
Warrenfurt, KS 56342",(06) 28744974,keith93@example.net,0,2022-01-04 08:53,1
,Andrea Hernandez,"47380 Bauer Plains Suite 552
Lake Kyle, WI 79342",06 6644637,don69@example.com,1,2022-01-04 08:53,0
,Rachel Wilson,"59390 Victoria Pine Suite 467
Tiffanyville, WI 13454",05 8930276,garcianatalie@example.net,0,2022-01-04 08:53,1
,Riley Mckinney,"291 Brandon Fork
West Toddview, TX 96764",023 47309295,hallamanda@example.com,1,2022-01-04 08:53,0
,Tyler Holmes,"824 Davis Via Suite 309
Port Rachael, KY 54428",951956823,jamesjackie@example.net,0,2022-01-04 08:53,1
,Troy Malone,"467 Turner Land Apt. 934
Brownmouth, HI 65178",0966-706907,david02@example.com,1,2022-01-04 08:53,1
,Lawrence Jones,"440 Mitchell Burgs Suite 097
South Micheal, VT 17200",02 7730360,ronald50@example.com,1,2022-01-04 08:53,0
,Alyssa Wright,"59072 Burgess River
South Ianport, MD 54877",(01) 34621626,nathan30@example.net,1,2022-01-04 08:53,1
,Linda Nguyen,"921 Andrew Inlet Suite 547
Lake Ronaldfurt, FL 81428",08-9435625,vmoore@example.com,0,2022-01-04 08:53,0
,Sheila Perez,"3796 Nelson Roads Apt. 447
South Blakefurt, MI 53367",08-4577390,vhall@example.net,0,2022-01-04 08:53,1
,Johnny May,"USNS Rodriguez
FPO AA 90511",901239733,alexandraboyd@example.org,0,2022-01-04 08:53,0
,Julie Huang,"88513 Travis Skyway
Christineport, NY 17160",0935-140016,brandonreese@example.org,0,2022-01-04 08:53,0
,Christina Fuentes,"Unit 4760 Box 0055
DPO AP 38453",(02) 66788530,berrydiane@example.com,0,2022-01-04 08:53,1
,Katrina Smith,"316 Thomas Land Apt. 041
New Brianfort, ME 39238",(05) 24564281,walkerwilliam@example.org,1,2022-01-04 08:53,0
,Sandra Wilson PhD,"PSC 7489, Box 6245
APO AE 51941",02-8738229,jklein@example.org,1,2022-01-04 08:53,0
,Jennifer Nguyen,"9251 Zachary Circles Apt. 037
West Patricia, AK 94319",01-3679410,jamesallen@example.net,0,2022-01-04 08:53,1
,Franklin Espinoza,"620 Samantha Junctions
Port Danielside, TX 90999",08-4536202,sandra51@example.net,0,2022-01-04 08:53,1
,Amanda Jones,"PSC 5786, Box 5930
APO AE 09279",03-7105005,antonio18@example.com,1,2022-01-04 08:53,0
,James Vaughn,"USS Flores
FPO AA 80866",030 50035567,laura54@example.net,0,2022-01-04 08:53,0
,Stephanie Herrera,"85582 John Junction
Port Heatherville, AR 55403",933744880,cvaldez@example.com,1,2022-01-04 08:53,0
,Benjamin Clark,"74904 Russell Heights
South Barbara, PA 44273",06-62170402,lopezbrenda@example.com,0,2022-01-04 08:53,1
,Dr. Michael Morgan,"087 Christopher Prairie Suite 658
East Michael, CO 66282",07 5383961,smithsherri@example.com,0,2022-01-04 08:53,0
,Tabitha Morris,"947 Anderson Stream Suite 910
South Ashleybury, OK 22550",0925-470614,pevans@example.net,0,2022-01-04 08:53,1
,Michael Coleman,"36997 Amber Common Apt. 328
Port Hannah, FL 58805",06-3746114,jason26@example.com,1,2022-01-04 08:53,0
,David Davenport,"51307 Shields Key
New Amber, NV 91533",09-25269996,heberttyler@example.net,0,2022-01-04 08:53,1
,Matthew Perez,"9118 Alexander Forks
Ayersborough, IA 17981",049 93389500,stephanie26@example.net,0,2022-01-04 08:53,1
,Donald Murray,"49501 Molly Mountain
Michelleshire, ID 09211",08 3720391,kathrynweber@example.org,0,2022-01-04 08:53,1
,Jessica Garcia,"PSC 3623, Box 5386
APO AP 53540",07-33658876,kirklewis@example.com,1,2022-01-04 08:53,1
,Douglas Gray,"3490 Ball Route Suite 101
Armstrongport, IN 37490",06-2575041,xellis@example.org,1,2022-01-04 08:53,0
,Shawn Frye,"4520 Martinez Estates Apt. 961
North Brettberg, UT 64148",067 55215012,pmurray@example.com,0,2022-01-04 08:53,0
,Keith Martin,"6422 Haley Causeway Suite 911
Bartlettbury, NM 63109",05-6968351,hartjames@example.net,0,2022-01-04 08:53,0
,Angela Lee,"Unit 6319 Box 2385
DPO AE 99861",(00) 64817995,aaronbaird@example.com,1,2022-01-04 08:53,0
,Scott Fisher,"361 Fisher Harbor
New Williamchester, NJ 07619",930843436,brandon78@example.org,1,2022-01-04 08:53,1
,Jeffrey Joseph,"57861 Katherine Lake Apt. 526
West Donald, SC 43065",(00) 18460941,hernandezronald@example.com,1,2022-01-04 08:53,0
,Caroline Stevens,"03121 Davis Neck Suite 107
Fitzpatrickfort, NJ 48244",064 56949436,warnervictoria@example.net,1,2022-01-04 08:53,0
,Jessica Potts,"0117 Mercedes Overpass Suite 885
Robersonfurt, WA 50813",02-4806091,danielteresa@example.net,0,2022-01-04 08:53,0
,Richard Cole,"09234 Hart Mountains
North Robert, RI 57726",02-8168558,nicholas98@example.net,0,2022-01-04 08:53,1
,Seth Patterson,"28286 West Junctions Suite 555
Port Jeremymouth, LA 21680",0903-271473,schwartzscott@example.org,0,2022-01-04 08:53,0
,Scott Wilcox,"161 Lopez Knolls Suite 568
North Antonio, SC 53372",(09) 80983338,marybennett@example.com,1,2022-01-04 08:53,1
,Michael Johnston,"USNV Waters
FPO AA 72307",03 2892298,pmorgan@example.com,1,2022-01-04 08:53,1
,Gary West,"338 Stone Harbor
Lake Alexmouth, MI 69895",05-47907874,scott39@example.org,1,2022-01-04 08:53,1
,John Gonzalez,"329 Corey Loaf
West Mallory, MD 35891",01-14826019,jonesallison@example.net,0,2022-01-04 08:53,0
,Philip Wilson,"98732 Jones Wells Suite 420
Richardsonhaven, MS 74537",03 6496229,nbrown@example.org,1,2022-01-04 08:53,1
,Mark Larson,"84973 Castillo Meadow Suite 159
Andreaport, NM 36737",(09) 63262826,wallacetanner@example.org,0,2022-01-04 08:53,0
,Sandra Bridges,"7578 Morgan Harbors
Lake Oliviafurt, CT 74947",980206173,johncisneros@example.com,0,2022-01-04 08:53,0
,Jenna Hubbard,"6314 Gomez Tunnel
Port Derrick, KY 66057",05 9435306,adamsjames@example.com,1,2022-01-04 08:53,1
,Stephen Rivera,"883 Edward Place
West Oliviamouth, HI 47291",09-85305093,griffinmelissa@example.net,1,2022-01-04 08:53,1
,Troy Pope,"5899 Michelle Freeway Suite 029
West Kevin, OH 62316",01-72256907,fsantiago@example.org,0,2022-01-04 08:53,1
,Melinda King,"74791 Monica Fort Apt. 792
East Annaton, SC 86124",935435110,jeffery15@example.com,1,2022-01-04 08:53,0
,Marie Mcgrath,"558 Michael Isle Suite 723
Lake Diane, SD 79968",044 36738561,martinamy@example.net,1,2022-01-04 08:53,0
,Lisa Powers,"USNV Mendez
FPO AP 36409",029 21666421,debrabrown@example.org,0,2022-01-04 08:53,1
,Amber Knox,"74460 Williams Center
Williamschester, WA 03200",0970-972340,breannayoung@example.org,1,2022-01-04 08:53,0
,Nancy Arnold,"0415 Joseph Orchard
Lake Donnatown, AL 59251",09-39925976,michaelroth@example.org,0,2022-01-04 08:53,0
,Allison Cruz,"8455 Clark Hollow
Heathermouth, MA 19148",001 11046238,gorozco@example.net,0,2022-01-04 08:53,1
,Betty Holmes,"USCGC Gray
FPO AE 49788",007 70954581,medinadiana@example.org,1,2022-01-04 08:53,1
,Jon Jenkins,"2760 Dale Avenue Suite 239
South Dylan, MI 94654",0911-886493,davidlane@example.net,0,2022-01-04 08:53,1
,Tammy Reese,"PSC 9155, Box 1711
APO AE 40010",00-15375980,stephenwilliams@example.net,1,2022-01-04 08:53,0
,Michele Munoz,"5321 Dennis Neck Suite 794
Porterton, MN 92120",09 1796291,leroy92@example.com,1,2022-01-04 08:53,0
,Angela Trujillo,"5345 Rodriguez Square Suite 610
Ortegaton, SD 82006",(08) 79649061,jeffery83@example.com,1,2022-01-04 08:53,1
,Shelly Miller,"25250 Barbara Trail
Lopezville, MI 86850",057 60394458,theresakelly@example.com,0,2022-01-04 08:53,1
,Robert Thomas,"USS Hernandez
FPO AP 29075",035 80202320,spatel@example.org,1,2022-01-04 08:53,1
,Valerie Stevens,"112 Miguel Turnpike Apt. 657
Amandaborough, AK 67092",00 1339220,walkerheidi@example.com,1,2022-01-04 08:53,0
,Rebecca Williams,"16690 Johnson Vista
Meganburgh, OH 17217",928277236,qharris@example.net,0,2022-01-04 08:53,1
,David Gordon,"12786 Brown Junction Apt. 912
Hardingborough, LA 65670",0906-968812,meagan33@example.net,1,2022-01-04 08:53,0
,Harold Moore,"710 Jennifer Neck
Jennifermouth, WV 74976",041 20336777,mark79@example.net,1,2022-01-04 08:53,0
,Dana Gray,"7388 Gene Terrace Suite 372
West Robertborough, CA 76791",00 3550284,westgabriella@example.net,0,2022-01-04 08:53,1
,Tammy Huff,"090 Cheryl Gardens Suite 190
South Briana, AK 95278",(07) 94257807,phyllis54@example.org,0,2022-01-04 08:53,0
,Ian Cortez,"1544 Schneider Cove
Holmesmouth, MO 48544",(01) 29353203,patriciajackson@example.com,0,2022-01-04 08:53,1
,Mrs. Bridget Friedman DDS,"49352 Bryan Hills Suite 376
Lake Erin, WV 70735",0901-872050,herbert75@example.org,1,2022-01-04 08:53,0
,Thomas Perry,"44903 Bates Shores Apt. 147
North Scott, WV 57271",01-6595033,andrewgriffin@example.org,0,2022-01-04 08:53,0
,John Bridges,"488 Jesse Loop
Marksfurt, ME 39287",04-20807683,thomasandrew@example.com,0,2022-01-04 08:53,1
,Adam Gonzalez,"9560 Joanna Hollow Apt. 037
Myersville, NE 35997",919533969,alexthomas@example.org,0,2022-01-04 08:53,1
,Kelly Simmons,"7723 Miller Courts Suite 542
South Samanthatown, AR 98420",02 3544332,clementsdavid@example.org,1,2022-01-04 08:53,0
,James Young,"40740 Padilla Highway Apt. 819
Brownton, ID 14294",03-8047216,njackson@example.org,1,2022-01-04 08:53,0
,Mrs. Kimberly Ruiz,"386 Jones Branch
New Timmouth, TN 65301",092 69549056,mathew64@example.com,0,2022-01-04 08:53,0
,Kylie Rhodes,"8712 Holland Pine Suite 321
East David, DE 04347",04-58188883,deanna91@example.com,0,2022-01-04 08:53,1
,Matthew Walsh,"8364 Elaine Cliff Suite 177
Lake Lisa, OK 63048",971137066,bradnewton@example.net,0,2022-01-04 08:53,0
,Edgar Hobbs,"02079 Ochoa Gateway Suite 555
West Anthony, SD 72542",077 35146257,francisco22@example.net,1,2022-01-04 08:53,1
,Stephen Navarro,"15623 Burns Divide Apt. 029
Murrayfurt, MA 84053",0932-423733,daniel28@example.com,0,2022-01-04 08:53,1
,Desiree Chavez,"6923 Thomas Isle
New Kimberly, NH 49296",(07) 69615713,jesusriley@example.org,1,2022-01-04 08:53,1
,David Atkinson,"50636 Jennifer Falls Suite 174
Owenshaven, AL 58760",07 6750359,elizabethrice@example.org,0,2022-01-04 08:53,0
,Julie Buchanan,"118 Ethan Union Suite 080
Fletcherview, DC 32663",08 8145623,zjuarez@example.com,1,2022-01-04 08:53,1
,Pamela Williams,"5800 Latoya Village
Stephanieburgh, NJ 84836",(02) 22488439,robertbryant@example.net,1,2022-01-04 08:53,0
,Eric Ellis,"96792 Scott Gateway
Bakerbury, AK 17629",05-28638788,juarezandrew@example.net,1,2022-01-04 08:53,0
,Denise Benitez,"5277 Blankenship Junction Apt. 879
West Jacob, CO 25996",(03) 16439831,jbolton@example.net,1,2022-01-04 08:53,0
,Dr. Carlos Wilkerson,"986 Ellis Harbor
South Summerville, ND 60213",0977-640307,dweber@example.com,0,2022-01-04 08:53,1
,Johnny Yang,"177 Hines Avenue
Schmidtshire, WY 65015",00 1399815,robertgraves@example.org,0,2022-01-04 08:53,1
,Christina Smith,"509 Wendy Dam Suite 677
Heatherview, NY 60479",0971-636161,hray@example.com,0,2022-01-04 08:53,1
,Taylor Ward,"Unit 3220 Box 4951
DPO AA 70579",022 81892552,sstevenson@example.org,0,2022-01-04 08:53,1
,Jonathan Evans,"797 Kimberly Meadows
Port Roberttown, FL 90970",934013532,lucas83@example.net,0,2022-01-04 08:53,1
,Nancy Smith,"35294 Lisa Creek
South Antonioberg, MT 68588",0924-596798,raymondmahoney@example.com,1,2022-01-04 08:53,0
,Jamie Ortiz,"8695 Karina Spring Suite 940
Lake Emilyview, VA 02195",02-4352615,pachecotravis@example.org,1,2022-01-04 08:53,1
,Michael Wells DDS,"6621 Bolton Station Apt. 150
North Vanessaport, ME 16228",0996-605341,kimberlycooper@example.org,1,2022-01-04 08:53,0
,Holly Jacobs,"114 Price Locks
Port Johnmouth, WY 18573",0988-998035,jamiegreen@example.net,0,2022-01-04 08:53,0
,Sarah Morris,"7510 Thomas Circles
North Kathrynstad, IN 93276",030 52476776,tsmith@example.net,0,2022-01-04 08:53,0
,Scott Stanton,"40670 Theresa Ford Apt. 886
East Michelle, WA 21890",0998-392093,jessicamorton@example.net,1,2022-01-04 08:53,0
,Richard Schneider,"532 Todd Spring
Lake Travismouth, NC 28853",06-22172167,swillis@example.net,1,2022-01-04 08:53,1
,Greg Shaffer,"USNS Gillespie
FPO AA 96893",(06) 95920103,mollynorris@example.org,1,2022-01-04 08:53,0
,Michael Flores,"639 Kevin Ford
Courtneybury, WY 36348",00-75488285,richardmacdonald@example.com,0,2022-01-04 08:53,0
,Brenda Lawrence,"06078 Jennifer Pass
Erinton, NV 46196",08 6516875,hzamora@example.org,1,2022-01-04 08:53,0
,Laurie Wise,"30716 Warner Crossroad Suite 903
East Rebecca, NH 85109",(03) 29525893,stephanie49@example.net,0,2022-01-04 08:53,0
,Mary Ramos,"77106 Hudson Forest
West Javier, MI 84068",094 53121817,john50@example.com,0,2022-01-04 08:53,1
,Gregory Johnson,"93146 Raymond Keys
Lake Patrickfort, FL 89958",0919-910867,ryan44@example.net,0,2022-01-04 08:53,1
,Erin Lopez,"PSC 5990, Box 1354
APO AE 01388",(09) 29113259,jbutler@example.org,1,2022-01-04 08:53,0
,Justin Jackson,"178 Sharon Keys
East Melissatown, MI 40921",06-6687234,alexander93@example.org,0,2022-01-04 08:53,1
,Christine Norton,"3554 Nicole Via
Wilsonchester, CT 31265",(09) 96198511,usteele@example.org,0,2022-01-04 08:53,0
,Daniel Hodges,"Unit 1319 Box 9314
DPO AA 44823",079 65680350,tammyweiss@example.net,1,2022-01-04 08:53,1
,Holly Brooks,"5537 Black Shoals Suite 664
Phelpsville, MT 66853",023 86427011,teresa42@example.net,0,2022-01-04 08:53,1
,Beth Lee,"88976 Joseph Centers
Cartermouth, CA 28350",(05) 83849699,efoster@example.net,1,2022-01-04 08:53,0
,Robin Olsen,"30731 Ponce Flats Apt. 882
South Lindahaven, IA 18785",08-7949902,philiplewis@example.org,1,2022-01-04 08:53,1
,Jacqueline Villegas,"013 Perry Locks
Jamiechester, NC 53727",(09) 72301375,adoyle@example.org,0,2022-01-04 08:53,1
,Amanda Coffey,"27957 Rios Alley Apt. 272
West Maryfurt, ME 41651",900863834,plopez@example.org,0,2022-01-04 08:53,1
,Seth Nunez,"46575 Norman Pine Apt. 092
Christophertown, WV 57375",01-90010039,rachelblack@example.org,1,2022-01-04 08:53,1
,Darius Mcmillan,"6189 Jennifer Estate
Marshland, MD 89516",049 20309190,anthonyknight@example.org,1,2022-01-04 08:53,0
,Sean Soto,"7096 Lopez Curve
Valenciafort, MA 01121",057 41570039,jonathan22@example.net,0,2022-01-04 08:53,1
,Amanda Ortiz,"08225 Nguyen Landing Suite 827
South Vicki, VT 65218",012 95526685,robin94@example.org,0,2022-01-04 08:53,1
,Scott Keith,"3812 Roberts Lake
West Shane, HI 37718",06 1415497,zpeters@example.net,1,2022-01-04 08:53,1
,Ashley Evans,"Unit 0260 Box 2762
DPO AA 90481",046 75672375,stevemurray@example.com,1,2022-01-04 08:53,1
,William King,"437 Karen Burg
Lake Richard, MA 44380",00 1531426,kbaker@example.com,1,2022-01-04 08:53,1
,Kylie Hays,"PSC 8609, Box 6228
APO AP 84779",908126373,brittney92@example.net,0,2022-01-04 08:53,0
,Haley Mills,"1692 Lori Rapid Suite 868
East Darryl, AL 67749",08-1961357,zreynolds@example.net,1,2022-01-04 08:53,0
,Kristy Mathews,"7298 Paul Mall
Morrisonview, NC 87489",0916-713183,jgreene@example.net,0,2022-01-04 08:53,0
,Denise Shaw,"394 Cruz Plain Apt. 489
Lake Charles, MI 83980",(04) 33351324,gsanchez@example.com,1,2022-01-04 08:53,0
,Melanie Ramirez,"PSC 6387, Box 1825
APO AA 40992",06-2820437,jefferyhudson@example.com,0,2022-01-04 08:53,1
,Michael Young,"01623 Tate Hollow
Delacruzberg, NH 51357",913970594,brewerchelsea@example.org,1,2022-01-04 08:53,1
,Michael Wheeler,"3613 Ricky Bridge
Melissaview, MT 02024",(09) 85341090,hannah36@example.org,0,2022-01-04 08:53,1
,Emily Ramirez,"494 Nolan Fall Apt. 988
New Juliefort, CO 42815",061 32935177,jstevenson@example.net,0,2022-01-04 08:53,1
,Joseph Anderson,"382 Gary Hill Suite 406
Terryport, WV 58252",915656200,travis49@example.net,0,2022-01-04 08:53,1
,Sarah Williams,"6322 Patricia Mews
East Allisonstad, NH 45352",935591892,zpatterson@example.com,1,2022-01-04 08:53,1
,Mike Horton,"61347 Scott Ramp Suite 063
Frankfurt, NJ 54181",07-6064369,michaellawrence@example.net,1,2022-01-04 08:53,0
,Ryan Allen,"18890 Mcguire Mall
West Joseph, VA 47668",00-15812852,tammypeterson@example.net,0,2022-01-04 08:53,0
,Melinda Taylor,"547 Patton Green Apt. 209
Phillipschester, PA 31339",09 6701965,braunbrian@example.org,0,2022-01-04 08:53,1
,Charles Brown,"85951 Miller Course Suite 146
Rosschester, MI 97656",994081232,kathleenyoder@example.org,1,2022-01-04 08:53,1
,Russell Thomas,"64990 Hamilton Creek
East William, NV 02506",051 93346510,mitchellmicheal@example.org,1,2022-01-04 08:53,0
,Stephen Paul,"36284 Dawson Cove Suite 599
Lake Briana, CA 54188",094 68009701,steven27@example.com,1,2022-01-04 08:53,1
,Taylor Ramirez,"0101 Bailey Inlet
East Deborah, GA 27814",06 5616212,markdougherty@example.com,0,2022-01-04 08:53,1
,Nicholas Collins,"446 Leonard Prairie Apt. 275
Port Luisfurt, DE 14785",017 47499605,jennamiller@example.net,1,2022-01-04 08:53,1
,Joseph Price,"65714 Rhonda Light
Stricklandfort, MS 90955",0928-621361,joebarton@example.net,1,2022-01-04 08:53,0
,Diane Kennedy,"2162 Kevin Summit
South Robertland, WA 94235",03-72453711,jramirez@example.com,1,2022-01-04 08:53,1
,Danielle Huber,"44803 Bryan Stream
Lake Christopher, NC 10077",01-7536069,rebecca64@example.net,0,2022-01-04 08:53,0
,Andrea Spence,"399 Mcgee Oval Suite 393
Smithchester, MI 02644",0936-641876,hjohnson@example.com,1,2022-01-04 08:53,0
,Tracy Smith,"1759 Johnny Shores Suite 398
Robinsonville, AR 98880",04-62582635,xwilliams@example.org,1,2022-01-04 08:53,1
,Angela Good,"19096 Lynn Springs Apt. 355
Meltonchester, NC 53249",03 7898555,umiller@example.net,1,2022-01-04 08:53,0
,Roy Fitzpatrick,"97330 Neal Glen Suite 209
East Anthony, IA 98662",0991-603234,moniqueallen@example.net,0,2022-01-04 08:53,0
,Derrick Weaver,"564 Martinez Field Suite 955
Port Michael, SC 40772",05 1385594,fordjamie@example.net,1,2022-01-04 08:53,1
,Sean Carson,"PSC 7376, Box 6400
APO AA 77971",930848694,patelbrian@example.org,1,2022-01-04 08:53,0
,Donna Hawkins,"2901 Thomas Ports
North Holly, TX 96689",048 54638363,robertrussell@example.org,1,2022-01-04 08:53,1
,Ashley Lewis,"59010 Martin Neck Suite 249
Grossland, AK 78478",974876618,michaelperez@example.net,0,2022-01-04 08:53,1
,Jennifer Gonzalez,"66343 Hunt Mission
South David, IL 13756",050 10753947,fullermichael@example.org,1,2022-01-04 08:53,1
,Holly Clark,"96191 Lee Parkway Apt. 757
West Shannon, IA 24697",08-4843012,kristina86@example.net,1,2022-01-04 08:53,1
,Jonathan Barnes,"3070 Jacob Street Apt. 765
West Mark, AR 22640",(05) 37283945,deleonjoseph@example.org,0,2022-01-04 08:53,1
,Blake Jimenez,"89437 Joseph Extension Apt. 014
South Linda, NY 33332",(04) 15290381,michaelmayer@example.org,1,2022-01-04 08:53,0
,Christopher Mclean,"728 Mcpherson Lakes
Port Danielville, SC 43198",0999-270115,lisathompson@example.org,1,2022-01-04 08:53,1
,Cheryl Jensen,"1050 Stephanie Drive
Port Alanberg, NH 55707",05 6261215,onunez@example.com,1,2022-01-04 08:53,1
,Anna Velazquez,"PSC 5774, Box 4586
APO AE 62712",0952-322548,karina78@example.com,1,2022-01-04 08:53,0
,Henry Bauer,"2042 Matthew Creek Suite 600
New Cheryl, VA 46778",(03) 63109948,hallcody@example.net,1,2022-01-04 08:53,0
,April Russo,"9059 Alexis Club
Ewingborough, CA 41609",00-89067816,fwhite@example.org,0,2022-01-04 08:53,0
,Timothy Moore,"3687 Debbie Mount Suite 137
Lake Brandi, IA 44943",08 9660163,arobinson@example.org,1,2022-01-04 08:53,0
,Joshua White,"7347 Christopher Tunnel Suite 146
East Deannafort, CT 02219",(02) 29741216,aholland@example.com,1,2022-01-04 08:53,1
,Paul Winters,"902 Tanya Ramp
Deniseborough, ME 07093",0988-247742,tricia84@example.net,1,2022-01-04 08:53,1
,Mackenzie Pittman,"785 Sabrina Meadows Suite 121
East Robertshire, NC 99735",06 9944935,rdaniels@example.org,1,2022-01-04 08:53,0
,Angela Zuniga,"9900 Stokes Forks
South Angelachester, DE 03840",(05) 63448942,fernandeztammy@example.net,1,2022-01-04 08:53,1
,Seth Morgan,"22099 Sutton Greens Suite 606
West Bradley, NV 87736",02 8858189,moralesjeremy@example.com,1,2022-01-04 08:53,0
,Sharon Levy,"03971 Mccoy Crossing Apt. 566
Harrisberg, RI 34915",08-5844998,fordholly@example.com,0,2022-01-04 08:53,0
,Mr. Brian Johnson MD,"18764 Alexander Forge
Michaelburgh, NH 94867",927311378,harrylee@example.com,0,2022-01-04 08:53,1
,John Parker Jr.,"3994 Tina Village
New Chris, AR 24142",(06) 71553334,jennifermayer@example.com,1,2022-01-04 08:53,1
,Mark Long,"724 Mitchell Glens
Rodriguezburgh, NC 12527",05 6871750,michelle14@example.org,1,2022-01-04 08:53,1
,Deborah Douglas,"09463 Vanessa Alley
Cohenburgh, IL 42220",091 17780195,tylerwiley@example.com,1,2022-01-04 08:53,0
,Seth Ramirez,"62923 Andre Radial Suite 674
East Colleenville, NE 02248",01-8811891,scottpaul@example.net,0,2022-01-04 08:53,0
,Ashley Atkinson,"03732 Thomas Ridge Suite 770
East Douglasshire, ME 47186",917279088,wwilson@example.net,0,2022-01-04 08:53,1
,Anna Harper,"03308 Aaron Expressway Apt. 521
Lake Carlashire, FL 98974",01-83013607,zwalsh@example.net,1,2022-01-04 08:53,1
,Luis Daniel,"4316 Shannon Curve
South Jenna, SC 25129",09-2091179,camposcheryl@example.org,1,2022-01-04 08:53,1
,Courtney Mcdaniel,"USCGC Petty
FPO AA 13546",074 88741698,garrettkylie@example.com,1,2022-01-04 08:53,0
,Stephanie Byrd,"Unit 3067 Box 5174
DPO AE 82660",07 8251648,lorimaddox@example.net,1,2022-01-04 08:53,1
,Courtney Kennedy,"75521 Lewis Terrace
Nelsonfurt, SC 97878",033 55177249,sophiachavez@example.org,0,2022-01-04 08:53,1
,James Hansen,"USNV Joseph
FPO AA 88848",0952-187463,lisa57@example.org,1,2022-01-04 08:53,1
,Dan Torres,"142 Williams Spur Suite 007
South Glenn, NC 28569",(00) 62842226,younggarrett@example.org,1,2022-01-04 08:53,0
,Lauren Thomas,"987 Key Burgs Suite 002
North Derrick, IN 83338",08 1200087,angelabernard@example.net,1,2022-01-04 08:53,1
,Paige Harris,"11384 Moore Oval Suite 653
Baileyshire, NC 79316",0925-697711,josephillips@example.net,1,2022-01-04 08:53,0
,Lisa Thompson,"347 Pearson Rapid Apt. 377
Mcdanielburgh, NM 69838",03 7478805,jeanette39@example.com,1,2022-01-04 08:53,0
,Gary Murillo DVM,"36999 Howard Branch Apt. 051
Mendezville, AZ 35269",(00) 20899326,odominguez@example.org,1,2022-01-04 08:53,0
,Kristen Aguilar,"4078 Santos Plains Apt. 097
New Williamborough, ND 58391",02 4029739,caldwellerin@example.org,1,2022-01-04 08:53,0
,Daniel Gonzales,"8084 Foley Walk
North Andrew, NC 93439",(06) 36630419,willismark@example.net,1,2022-01-04 08:53,0
,Lisa Espinoza,"724 Lynn Walks Apt. 270
Sierraside, MT 11818",0965-702023,micheleriley@example.org,0,2022-01-04 08:53,1
,Natalie Wilkinson,"77480 Reed Keys
Andersonland, HI 20630",06 5927365,xdawson@example.org,1,2022-01-04 08:53,1
,Anthony Johnston,"792 Amber Forks
Michaelstad, UT 48681",058 31069402,stephenlane@example.org,1,2022-01-04 08:53,0
,John Ellis,"368 Michael Fields
New Vanessashire, AK 43174",922407527,williamsmichael@example.net,1,2022-01-04 08:53,1
,Dakota James,"493 Joseph Cliffs Apt. 147
Krystalside, UT 59357",060 93689264,stephen90@example.com,1,2022-01-04 08:53,0
,Thomas Holland,"28061 Todd Brook
Jonesfort, MA 58397",085 49451924,ewingjoshua@example.com,0,2022-01-04 08:53,0
,Ms. Chloe Smith,"7690 Roberts Common
Knappchester, HI 09372",0952-860868,maldonadostephanie@example.org,1,2022-01-04 08:53,0
,Nicholas Doyle,"953 Miller Fork Suite 232
New Erika, IL 04743",02 6992179,pallen@example.com,0,2022-01-04 08:53,0
,Randall Thompson,"PSC 0726, Box 0404
APO AA 69072",01-51515066,turnerbryan@example.com,1,2022-01-04 08:53,0
,Maria Johnson,"57231 Hansen Groves
South Scott, IL 85965",0928-143658,uward@example.com,1,2022-01-04 08:53,0
,Katelyn Reed,"09291 Foster Station Apt. 996
Port Johnborough, NM 55854",(03) 25212303,irhodes@example.net,1,2022-01-04 08:53,0
,Jerry Clarke,"01450 Larry Islands
Millerchester, OH 69814",06-62323672,jacquelinearnold@example.com,0,2022-01-04 08:53,0
,Sean Barber,"36738 Weiss Meadow Suite 447
Donnahaven, MD 88491",09-2148824,powellcaitlyn@example.com,1,2022-01-04 08:53,0
,Michelle Miller,"542 Russell Camp
Carterport, MN 37927",043 72618959,robert64@example.org,0,2022-01-04 08:53,1
,Brian Rivera,"2240 Lacey Lakes Suite 517
South Melanieberg, OH 28563",0952-450846,browncharles@example.net,0,2022-01-04 08:53,0
,Wayne Gomez,"69033 Cody Fields Suite 996
Payneland, MD 37401",933695444,mario02@example.org,1,2022-01-04 08:53,0
,Cole Elliott,"6739 Julia Forge Apt. 279
Blackwellbury, SC 04700",0950-026296,nmccormick@example.net,0,2022-01-04 08:53,0
,Jack Johnson,"251 Benson Stream
East Eric, TN 80792",08-69445750,briancampbell@example.net,0,2022-01-04 08:53,1
,James Olson,"32516 Phelps Springs Suite 301
North Brianmouth, SC 63012",05 4368005,robert69@example.net,0,2022-01-04 08:53,0
,Dana Walker,"4712 Haney Drives Suite 999
Lake Pamela, NY 55233",07-1476505,ryan31@example.com,0,2022-01-04 08:53,1
,Timothy Villarreal Jr.,"90611 Goodman Spring
Allenbury, HI 43440",09 3167548,maryperez@example.org,0,2022-01-04 08:53,0
,Darren Mason,"842 Odonnell Green
East Lisa, TN 96680",0903-760195,larrywilliams@example.net,1,2022-01-04 08:53,0
,Stephanie Payne,"36677 Jack Corner
New Jacobview, DE 87450",(03) 75269839,medinasandra@example.org,1,2022-01-04 08:53,1
,Jared Lopez,"PSC 0765, Box 8310
APO AE 20552",07-32790545,catherinerowe@example.net,1,2022-01-04 08:53,1
,Lisa Webb,"66535 Brown Trail
Michaelfurt, OH 36857",013 59991774,punderwood@example.org,0,2022-01-04 08:53,0
,Cheryl Martinez,"4321 Lisa Harbors
North Elizabeth, NC 60783",0960-132729,warrenbrittany@example.net,0,2022-01-04 08:53,0
,Kelly Allen,"12013 Wilson Cape Suite 414
Williamland, NE 53626",02-70042027,bakerkristopher@example.com,0,2022-01-04 08:53,0
,William Morrison,"9457 Alexis Place Apt. 063
Lopeztown, KY 77042",(06) 28267026,wallrachel@example.com,0,2022-01-04 08:53,1
,Veronica Edwards,"419 Nicole Viaduct
Johnsonfort, NE 61509",0960-664038,rachael55@example.net,0,2022-01-04 08:53,1
,Jennifer Moreno DDS,"696 Marks Burgs Apt. 721
Jeremiahshire, TX 76028",05 3926797,obrienstephen@example.org,1,2022-01-04 08:53,0
,Jeffrey Wright,"730 Sharon Meadows
Lake Judithchester, MO 22577",08-43788980,johnwise@example.net,0,2022-01-04 08:53,0
,Richard Adams,"8048 Mccann Mount Suite 713
South Kyleborough, IN 34489",(05) 74369142,qyork@example.com,1,2022-01-04 08:53,1
,Patrick Patterson,"8300 Smith Canyon Apt. 199
New Mackenzie, NE 27779",945655317,knoxjohn@example.com,1,2022-01-04 08:53,1
,Debbie Vasquez,"16144 Anderson Dale
Watsonville, SC 55138",07 7245165,irodriguez@example.net,1,2022-01-04 08:53,1
,Kristin Rice,"286 Charles Crest Apt. 169
Cooperborough, TX 22853",07-1257079,jgreen@example.org,1,2022-01-04 08:53,0
,Jennifer Cabrera,"92819 Cowan Walk Suite 682
Dickersonfort, ID 89471",01-3991333,alexis12@example.net,0,2022-01-04 08:53,1
,Amy Saunders,"4474 Adams Freeway Apt. 154
West Kayla, IN 86179",04-52231100,kholder@example.com,1,2022-01-04 08:53,0
,Tammy Peterson,"68470 Lopez Fork Apt. 731
Stevensonton, ND 94173",07-30108947,adriandixon@example.net,1,2022-01-04 08:53,1
,Anthony Arnold,"5753 Alexander View
North Charles, SD 90540",065 74113210,brandonstout@example.com,0,2022-01-04 08:53,0
,Lisa Estrada,"14574 Susan Club Apt. 302
Port Laurenburgh, HI 90875",016 43184554,raymondrose@example.org,1,2022-01-04 08:53,1
,Ashlee Chapman,"05454 Scott Vista
Zacharytown, ME 37160",972027230,ashleyburton@example.org,0,2022-01-04 08:53,0
,Louis Ramirez,"2025 Miller Plains
Port Brandon, NC 21271",0924-372238,tylergeorge@example.org,1,2022-01-04 08:53,1
,Jasmine Mccormick,"04299 Perez Spurs Apt. 339
Delgadostad, WA 37530",05-8399230,ekelley@example.com,1,2022-01-04 08:53,0
,Lucas Beck,"18178 Norman Extensions Suite 429
Bullockton, VT 27583",907800458,elizabeth70@example.net,0,2022-01-04 08:53,0
,Jesse Roach,"2205 Nicholas Crossroad
Lake Andrewfort, WY 54641",032 68853561,gmiller@example.com,0,2022-01-04 08:53,1
,Brian Sheppard,"42873 Candice Square
Caitlinfurt, NE 30307",05-3496526,michaeldeleon@example.org,0,2022-01-04 08:53,1
,Melvin Smith,"6850 Wanda Route
Jimtown, AZ 15451",962632362,fmartin@example.org,0,2022-01-04 08:53,0
,Leslie Wells,"58834 Kim Islands
New Casey, NM 51057",07-1384220,littlelisa@example.org,1,2022-01-04 08:53,0
,Jonathan Larson,"04196 Adam Island
Harveyberg, CO 29942",07 4419982,charlescobb@example.org,1,2022-01-04 08:53,1
,Jenna Cobb,"867 Williams Island Suite 870
Batesshire, IN 04949",(07) 80668547,randymarshall@example.org,0,2022-01-04 08:53,0
,Heather Reid DVM,"26409 Travis Cape Apt. 792
Victoriaberg, MD 29645",01-6755369,jessica42@example.org,0,2022-01-04 08:53,1
,Seth Green,"55986 Fowler Springs Suite 020
Port Blaketon, KS 79872",(03) 36995203,markclark@example.net,0,2022-01-04 08:53,0
,Lori Ware,"Unit 0375 Box 9975
DPO AE 41349",(03) 36492812,janicewilliams@example.com,0,2022-01-04 08:53,1
,Anthony Thompson,"463 Michael Dale
Chelseatown, NY 29097",0980-311303,knapprobert@example.org,0,2022-01-04 08:53,1
,Crystal James,"411 Wilson Fall Apt. 719
New Amandastad, WY 10106",09-61054793,christopher95@example.net,1,2022-01-04 08:53,1
,Benjamin Larson,"802 Mayer Crossroad Apt. 546
South Carolland, ID 28820",0952-354731,usantana@example.com,0,2022-01-04 08:53,1
,Hunter Hoffman,"Unit 9951 Box 4586
DPO AE 57951",(01) 24513190,smithroy@example.net,0,2022-01-04 08:53,1
,Amanda Mullins,"30208 Eric Plaza
Reedview, OK 30045",01-6496344,jonathan86@example.org,1,2022-01-04 08:53,1
,Anne Walters,"Unit 1110 Box 0731
DPO AE 22768",999398195,brownvincent@example.com,1,2022-01-04 08:53,0
,Emily Hubbard,"80025 Roberts Key Apt. 996
Aaronton, WY 37827",085 49848488,oharris@example.com,1,2022-01-04 08:53,0
,Laura Bradley,"4565 Clark Meadow
Zavalafurt, AK 13440",(01) 63666631,steven55@example.org,1,2022-01-04 08:53,1
,Todd Jones,"USNV Clark
FPO AP 36878",961943644,eduardo67@example.org,0,2022-01-04 08:53,0
,Emily Watson,"892 Lawrence Port
Rodriguezberg, SD 99062",08 7604872,nmitchell@example.org,1,2022-01-04 08:53,1
,Lynn Ramirez,"53578 Santana Ridge Suite 819
East Dale, ID 19004",062 69292452,alexander11@example.net,0,2022-01-04 08:53,1
,Chelsea Lee,"8706 Willis Inlet
Danielhaven, OR 97303",08-81454594,unguyen@example.net,1,2022-01-04 08:53,1
,Stephanie Reynolds,"4466 Allen Shoal
Lake Michelleborough, TX 96795",980044757,anthonyfitzpatrick@example.org,0,2022-01-04 08:53,1
,Oscar Wagner,"818 Alexa Square
Rileyberg, ID 39963",06 9715564,jacobsjohn@example.com,1,2022-01-04 08:53,0
,Melissa Wang,"0941 Anthony Extensions
Port Pedroberg, VT 99527",0981-225257,stevensparks@example.com,0,2022-01-04 08:53,0
,Natalie Gomez,"62831 Maria Glens Suite 370
Armstrongside, TX 49452",07-65385956,kfloyd@example.org,1,2022-01-04 08:53,1
,Kevin Gallegos,"3669 Jennifer Harbors Suite 755
Charlesberg, MT 38871",0938-391049,fernandezmaria@example.com,1,2022-01-04 08:53,0
,Anna Saunders,"36184 Mcdaniel Dam Suite 206
East Shawnfurt, OR 83122",039 76787476,hutchinsonnancy@example.net,0,2022-01-04 08:53,1
,Travis Ferguson,"075 Charles Fork
Port Michaelmouth, MO 66811",0926-925596,rachel29@example.org,1,2022-01-04 08:53,0
,Sherry Dennis,"26679 Patrick Ports
New Jessica, MA 32792",0977-653968,kelly34@example.net,0,2022-01-04 08:53,1
,Jacob Hill,"146 Shawna Via Suite 567
Lake Charles, NY 24147",0959-479623,zvaldez@example.com,0,2022-01-04 08:53,0
,Manuel Wright,"49504 Johnson Heights Apt. 357
South Christopherland, SC 47780",0911-871002,hansenbrenda@example.com,0,2022-01-04 08:53,0
,Aaron Baker,"Unit 4794 Box 4841
DPO AA 19721",902464392,sthomas@example.org,0,2022-01-04 08:53,0
,Lindsay George,"22180 Jessica Port
Rickburgh, AZ 23031",035 92495656,iwilliams@example.net,1,2022-01-04 08:53,1
,Kristina Curtis,"58492 Brandi Circle Apt. 755
Myerston, TX 04004",0979-335615,esoto@example.net,1,2022-01-04 08:53,1
,Alyssa Roach,"14264 Grimes Loop Suite 070
New Joemouth, TN 14785",0928-799799,jamesmorales@example.net,0,2022-01-04 08:53,1
,Dr. Patrick Perez,"USCGC Banks
FPO AP 84623",04-3551295,ernest93@example.com,1,2022-01-04 08:53,1
,John Gutierrez,"927 Ronald Spurs
Seanberg, RI 03000",0949-277656,rayjulian@example.net,0,2022-01-04 08:53,0
,Thomas Anderson,"345 Kendra Neck
Lake Sherylshire, ME 59078",015 86276700,kreyes@example.org,1,2022-01-04 08:53,0
,Duane Copeland,"121 Berry Mews Apt. 488
East Megan, WA 61217",0923-021779,davidbrown@example.net,0,2022-01-04 08:53,1
,Shawn Andrade,"22638 Harvey Way Suite 924
Hurleychester, PA 71704",00 4242796,taylorcarrie@example.com,0,2022-01-04 08:53,1
,Michael Harris,"Unit 3460 Box 7926
DPO AE 48904",069 95207313,lopezcharles@example.net,0,2022-01-04 08:53,1
,Steven Golden,"220 Lisa Motorway
Joshuahaven, MT 95758",01 1699446,marilyn14@example.net,1,2022-01-04 08:53,1
,Jacob Jones,"044 Christina Circles Apt. 209
Anthonymouth, NY 57520",993938746,jsanchez@example.org,0,2022-01-04 08:53,0
,Angela Salazar,"4454 Ballard Freeway Suite 623
Kevintown, OR 16410",02 6542014,ashleydiaz@example.com,0,2022-01-04 08:53,1
,Susan Stewart,"74666 Massey Mill
Port Heather, CA 63708",03 1460205,meganrichmond@example.net,1,2022-01-04 08:53,1
,Scott Thompson,"03227 Amanda Crossroad
North Kent, NH 31161",025 91615219,jennifergay@example.com,0,2022-01-04 08:53,1
,Steven Christensen MD,"80665 Grant Lodge Apt. 843
East Patriciatown, WV 39085",0960-187507,donnawells@example.org,0,2022-01-04 08:53,1
,Joshua Sanchez,"PSC 5916, Box 2729
APO AP 27222",032 58377960,paula81@example.org,1,2022-01-04 08:53,0
,Lindsay Ramirez,"507 Simmons Glens Apt. 071
Brooksmouth, NM 34685",033 36347262,lilaurie@example.org,0,2022-01-04 08:53,1
,Leslie Chapman,"USCGC Bradford
FPO AP 33506",01-2245148,jason25@example.net,1,2022-01-04 08:53,0
,Isaiah Hill,"319 Lindsey Extension Apt. 706
Nathanside, OK 36145",02 6413036,aholt@example.org,1,2022-01-04 08:53,1
,Mrs. Julia Ryan,"22880 Jamie Pike Suite 299
West Michelle, DE 39734",(04) 69701583,bennettkenneth@example.com,1,2022-01-04 08:53,1
,Jonathan Morgan,"18116 James Walks Apt. 028
New Juliaton, TN 94076",991158596,charlesrodriguez@example.com,0,2022-01-04 08:53,1
,Angela Hamilton,"862 Beltran Burg Suite 537
New Johnfort, TN 82527",(00) 50886780,john65@example.com,0,2022-01-04 08:53,1
,Sarah Andrews,"37001 Karen Lights
South Elizabeth, NJ 30022",03-1097862,jennifer81@example.net,0,2022-01-04 08:53,0
,Ashlee Foster,"0673 Michael Crest
Christopherhaven, ID 03275",050 67117580,joelmoore@example.net,0,2022-01-04 08:53,1
,Steve Hernandez,"39046 Frank Shores Apt. 679
North Kellyhaven, MO 70187",04-50967903,timothy65@example.net,1,2022-01-04 08:53,0
,Jennifer Shelton,"533 Hill Grove
Cristianview, MO 68329",06-8611873,wayne42@example.com,0,2022-01-04 08:53,1
,Justin Mcdonald,"835 Justin Junctions Suite 966
East Carolynbury, VA 22185",(04) 76497185,dannyhahn@example.com,0,2022-01-04 08:53,1
,Shawn Suarez,"563 Vasquez Camp Apt. 278
Powersfort, VA 52881",965950501,rroberson@example.org,1,2022-01-04 08:53,0
,Lynn Fuller,"5210 Hansen Underpass Apt. 272
South Jayburgh, WV 46639",060 80993647,xcallahan@example.org,0,2022-01-04 08:53,1
,Dana Stewart,"USCGC Taylor
FPO AA 07547",(09) 80732390,walkerclayton@example.org,1,2022-01-04 08:53,0
,Robert Haynes,"73015 Bell Oval Suite 392
New Josephburgh, KY 77579",(04) 55761469,thomas96@example.org,1,2022-01-04 08:53,0
,Sharon Rios,"9648 Smith Flats
Wilsontown, CT 97589",09-41915621,jeffreyclark@example.org,1,2022-01-04 08:53,0
,Terry Baldwin,"627 Holden Union
Spencerchester, WV 68964",900029694,john61@example.net,1,2022-01-04 08:53,1
,Thomas Simpson,"45182 Richardson Forge Suite 128
East Rubenchester, KS 17911",00 4423013,nsanchez@example.net,1,2022-01-04 08:53,0
,Zachary Boyer,"71678 Luke Passage
Parkerville, ID 43171",05-7915020,gina38@example.net,1,2022-01-04 08:53,1
